{
  "train_loss": [
    0.7294360692566638,
    0.7109216255202178,
    0.7095422108663536,
    0.7083823165585051,
    0.7073199919099954,
    0.706408235742446,
    0.7055672184103131,
    0.7047322586890918,
    0.6478702218764746,
    0.6084785041331278,
    0.5973717384208312,
    0.5931319037302858,
    0.5883615846175455,
    0.5831547935566351,
    0.5816949747697634,
    0.5790038077316916,
    0.5774476688533242,
    0.5769301996011257,
    0.574910605411953,
    0.5732620243517207,
    0.572746793962041,
    0.5718972591248259,
    0.5707524587123968,
    0.5683745926865809,
    0.5658689601879274
  ],
  "train_acc": [
    4.396955276663344,
    1.3772406578349494,
    1.3867510153187204,
    1.3966136082648528,
    1.4219745615549082,
    1.4378251573611929,
    1.4543802240922012,
    1.4973529505003504,
    21.92736200295173,
    37.0925075994801,
    40.81035290470974,
    42.55074832423979,
    43.773709849560234,
    45.37708567423151,
    45.74939855794802,
    46.686344887830614,
    47.0311834054829,
    47.24710374391073,
    48.061472132891396,
    48.484506923188015,
    48.27281341030852,
    48.886407585742916,
    49.192147967073026,
    50.06216955910687,
    50.62292841518698
  ],
  "val_loss": [
    1.7242256424643776,
    1.7220014853910965,
    1.7118469671769576,
    1.7114854140715166,
    1.708216456933455,
    1.7043910893526943,
    1.7019915147261186,
    1.7009817643599077,
    1.765550847487016,
    1.689190190488642,
    1.6971560369838368,
    1.65938993584026,
    1.636657376722856,
    1.6594424984671854,
    1.6620097116990522,
    1.617287115617232,
    1.6502819364721124,
    1.6408294807780872,
    1.6232762250033292,
    1.638755050572482,
    1.6289411198009145,
    1.6095151446082376,
    1.5735328045758334,
    1.6424154866825451,
    1.6087816130031238
  ],
  "val_acc": [
    14.685714285714285,
    15.057142857142857,
    15.142857142857142,
    15.285714285714286,
    15.114285714285714,
    15.314285714285715,
    15.914285714285715,
    16.02857142857143,
    38.08571428571429,
    41.2,
    42.65714285714286,
    44.371428571428574,
    45.91428571428571,
    45.65714285714286,
    47.142857142857146,
    49.22857142857143,
    48.31428571428572,
    48.6,
    49.542857142857144,
    49.77142857142857,
    49.22857142857143,
    48.82857142857143,
    49.97142857142857,
    49.08571428571429,
    49.17142857142857
  ],
  "val_macro_f1": [
    0.05045055215229986,
    0.05832187084032604,
    0.05810698735227037,
    0.061336604461304546,
    0.05969112866967642,
    0.06187274040625934,
    0.07021357638872608,
    0.07106861135785815,
    0.35205434191967416,
    0.3866575083057748,
    0.3921868507558189,
    0.41112557182455894,
    0.4305316912195756,
    0.4242793585584635,
    0.4374802205517242,
    0.4641874118649299,
    0.44652166421271655,
    0.4546599315673218,
    0.464461522419167,
    0.4632503566922043,
    0.45656624332555246,
    0.45669890010375447,
    0.4724213092612916,
    0.45421225027740453,
    0.46138400600880314
  ]
}