{
    "train_loss": [
        0.5684308501059564,
        0.5607933770391562,
        0.5521213669595254,
        0.5448914112689476,
        0.5381625933930398,
        0.5315641645876216
    ],
    "train_acc": [
        78.96273701043674,
        79.14977404095089,
        79.4777052564098,
        79.67812723449372,
        79.89933110485697,
        80.18358512298302
    ],
    "val_loss": [
        1.306655263900757,
        1.295252713290128,
        1.2807378974827852,
        1.2674385092475198,
        1.2231579011136835,
        1.2674366810105064
    ],
    "val_acc": [
        54.0,
        55.0,
        55.142857142857146,
        55.25714285714286,
        56.94285714285714,
        55.97142857142857
    ]
}